{
  "train_loss": [
    2.2021049835353446,
    0.9667819955132224,
    0.8316456824680747,
    0.8074668066012267,
    0.7452639669822329,
    0.7674937891759042,
    0.7207437271030572,
    0.661904512718669,
    0.6654977958785561,
    0.6391773654572184,
    0.6451278192592539,
    0.6189496508802111,
    0.6290298156796378,
    0.6097268004113531,
    0.6107357209155575,
    0.6052418226601369,
    0.590120351973715,
    0.5839359590464255,
    0.5910355460174528,
    0.5810996844819917,
    0.5888591939417581,
    0.5699545384682331,
    0.5736058796803976,
    0.5826383467969654,
    0.5867904748107746,
    0.5652762576588538,
    0.560869051735314,
    0.550670560376043,
    0.5396171028690017,
    0.5089086903068879,
    0.5013816977843237,
    0.5061105788591987,
    0.5034850933279182,
    0.5094801448111012,
    0.5023131831405089,
    0.49622087821629746,
    0.5373548088279302,
    0.4920877433314766,
    0.5090006084339352,
    0.48184606323984036,
    0.47967899183637086,
    0.4794850615328902,
    0.47441592399160104,
    0.4647363993813194,
    0.48012904173431825,
    0.4722638680986299,
    0.4787917761961321,
    0.46599888835091846,
    0.4587440202475264,
    0.464695014234112,
    0.4661458178782083,
    0.45241239359698343,
    0.4738317771614883,
    0.46350111462518,
    0.45287884376600956,
    0.43535843530657586,
    0.45380655676824755,
    0.4508292756576681,
    0.4372798058343135,
    0.4337939931448085,
    0.44456149225717634,
    0.4368506909087091,
    0.4345673938834343,
    0.42987451951640054,
    0.41398301008380006,
    0.41903589809734126,
    0.4166841028221545,
    0.4274024274322399,
    0.4060041161486224,
    0.41050860629309643,
    0.4114403936107693,
    0.398914578425739,
    0.4100666403100104,
    0.40955267864739436,
    0.4042896683403791,
    0.39160924068989883,
    0.3894361484352405,
    0.39212307613255715,
    0.3898219044172775,
    0.3908051965721545,
    0.38827980950041807,
    0.38010554070101793,
    0.3941362756596845,
    0.3872067945352088,
    0.3796823997584703,
    0.38750288211640177,
    0.3838703010332506,
    0.3846782217153122,
    0.3790182941492853,
    0.37632519084935784,
    0.38404755220305953,
    0.3727347460883515,
    0.3660320485990072,
    0.3720779941812674,
    0.38001480556137673,
    0.3742318103943568,
    0.37565517257951414,
    0.37717624334051103,
    0.36699374404150187,
    0.37740744975759477,
    0.36490010106351295
  ],
  "val_loss": [
    1.597815741233106,
    0.8469551306850506,
    0.723721847556672,
    0.7448043456617391,
    0.7871972740821118,
    0.6470422153202993,
    0.6332095449825503,
    0.7223581821288703,
    0.5663197359948788,
    0.56770437933364,
    0.6210422115505866,
    0.5828089959216568,
    0.561089931119163,
    0.5225013374157672,
    0.6250925116943863,
    0.5704805244814675,
    0.5634408932811809,
    0.5127155985472337,
    0.5430966390753692,
    0.556139238600461,
    0.5441070149529655,
    0.6067439072536972,
    0.5780492375481804,
    0.5695168383841245,
    0.5136941203531229,
    0.5974036447282107,
    0.5190210669670465,
    0.5164284491314078,
    0.5264678688544148,
    0.5271295731922365,
    0.4803843549962314,
    0.502635978752712,
    0.507739158396451,
    0.5009470182769703,
    0.4768368140706476,
    0.5275849697724828,
    0.49998363897485554,
    0.5382121733899387,
    0.4789434648909659,
    0.514637769168278,
    0.4874698813231486,
    0.5020659892064221,
    0.48784658369028344,
    0.5643500076149994,
    0.5894336338313121,
    0.47196396994140916,
    0.49660780564794,
    0.5215853339096286,
    0.4756065867981821,
    0.48272160808995085,
    0.5166489552776768,
    0.527730866423193,
    0.4624394181764351,
    0.5035356232580149,
    0.47944462647977865,
    0.5043164089040936,
    0.5027845802172175,
    0.5261801700547056,
    0.5026563859210824,
    0.5277398808947149,
    0.5017817104762455,
    0.5012071977808791,
    0.5243710126516954,
    0.5006409735049842,
    0.47249292123992487,
    0.47753536611233116,
    0.48209963710802906,
    0.5157244059274781,
    0.5374622965758702,
    0.4947160752314442,
    0.4726409465636847,
    0.534234252178444,
    0.4779637302992479,
    0.48363354779639334,
    0.4680167220673471,
    0.46180736253846366,
    0.48711294003252714,
    0.4759562026217299,
    0.49304686334897885,
    0.4701927308766347,
    0.4922920639222523,
    0.48099551470774526,
    0.5013444470909406,
    0.4813863018211329,
    0.48179996609687803,
    0.48525401426936093,
    0.48470535733789766,
    0.46965108052739557,
    0.4799423379155825,
    0.47362497049682545,
    0.4747743821369027,
    0.46768705979833064,
    0.4744083431531798,
    0.46966108269286605,
    0.46766263235290095,
    0.46708077327260433,
    0.4710639603857724,
    0.47072437388717003,
    0.47068061733020927,
    0.48158914351238397,
    0.4741614802828375
  ],
  "lr": [
    0.001,
    0.001,
    0.001,
    0.001,
    0.001,
    0.001,
    0.001,
    0.001,
    0.001,
    0.001,
    0.001,
    0.001,
    0.001,
    0.001,
    0.001,
    0.001,
    0.001,
    0.001,
    0.001,
    0.001,
    0.001,
    0.001,
    0.001,
    0.001,
    0.001,
    0.001,
    0.001,
    0.001,
    0.0005,
    0.0005,
    0.0005,
    0.0005,
    0.0005,
    0.0005,
    0.0005,
    0.0005,
    0.0005,
    0.0005,
    0.0005,
    0.0005,
    0.0005,
    0.0005,
    0.0005,
    0.0005,
    0.0005,
    0.0005,
    0.0005,
    0.0005,
    0.0005,
    0.0005,
    0.0005,
    0.0005,
    0.0005,
    0.0005,
    0.0005,
    0.0005,
    0.0005,
    0.0005,
    0.0005,
    0.0005,
    0.0005,
    0.0005,
    0.0005,
    0.00025,
    0.00025,
    0.00025,
    0.00025,
    0.00025,
    0.00025,
    0.00025,
    0.00025,
    0.00025,
    0.00025,
    0.00025,
    0.000125,
    0.000125,
    0.000125,
    0.000125,
    0.000125,
    0.000125,
    0.000125,
    0.000125,
    0.000125,
    0.000125,
    0.000125,
    0.000125,
    6.25e-05,
    6.25e-05,
    6.25e-05,
    6.25e-05,
    6.25e-05,
    6.25e-05,
    6.25e-05,
    6.25e-05,
    6.25e-05,
    6.25e-05,
    6.25e-05,
    3.125e-05,
    3.125e-05,
    3.125e-05,
    3.125e-05
  ],
  "best_epoch": 76
}